SherrySto7891, Sherry, Stone, 23214 3rd Ave Beacon NY 34314, stone-sherry@outlook.com,f, 1234567891, 0
DexterDun6569, Dexter, Duncan, 1625 W Fedora Ave Fresno CA 93705, duncan-dexter@outlook.com,m, 8653236569, 0
CynthiaTay1234, Cynthia, Taylor, 1515 Woodward Court Maryville TN 37803, taylor-cynthia@outlook.com,f, 8653231234, 0
EssieGri4321, Essie, Griffin, 3131 Mountain Creek Rd Chattanooga TN 37403, griffin-essie@outlook.com,f, 8653234321, 0
DorisCra4653, Doris, Craig, 246 Colden Hill Road Newburgh NY 12452, craig-doris@outlook.com,f, 8452484653, 0
JackOwe2145, Jack, Owen, 141 Pine Street Westchester CA 23152, owen-jack@outlook.com,m, 5434312145, 0
CindyHil8568, Cindy, Hill, 415 Oak Avenue Zeddington MO 2313, hill-cindy@outlook.com,f, 5434548568, 0
RobinWoo0453, Robin, Woods, 4231 Alcoa Highway Alcoa TN 37802, woods-robin@outlook.com,m, 2443450453, 0
CharliePhe0654, Charlie, Phelps, 2311 US 411 Sweetwater TN 23212, phelps-charlie@outlook.com,m, 4867610654, 0
OwenTra4056, Owen, Tran, 2313 Lee Highway Cleveland TN 23213, tran-owen@outlook.com,m, 8464054056, 0
