StoneShe7891, Stone, Sherry, 23214 3rd Ave Beacon NY 34314, stone-sherry@outlook.com,f, 1234567891, 0
DuncanDex6569, Duncan, Dexter, 1625 W Fedora Ave Fresno CA 93705, duncan-dexter@outlook.com,m, 8653236569, 0
TaylorCyn1234, Taylor, Cynthia, 1515 Woodward Court Maryville TN 37803, taylor-cynthia@outlook.com,f, 8653231234, 0
GriffinEss4321, Griffin, Essie, 3131 Mountain Creek Rd Chattanooga TN 37403, griffin-essie@outlook.com,f, 8653234321, 0
CraigDor4653, Craig, Doris, 246 Colden Hill Road Newburgh NY 12452, craig-doris@outlook.com,f, 8452484653, 0
OwenJac2145, Owen, Jack, 141 Pine Street Westchester CA 23152, owen-jack@outlook.com,m, 5434312145, 0
HillCin8568, Hill, Cindy, 415 Oak Avenue Zeddington MO 2313, hill-cindy@outlook.com,f, 5434548568, 0
WoodsRob0453, Woods, Robin, 4231 Alcoa Highway Alcoa TN 37802, woods-robin@outlook.com,m, 2443450453, 0
PhelpsCha0654, Phelps, Charlie, 2311 US 411 Sweetwater TN 23212, phelps-charlie@outlook.com,m, 4867610654, 0
TranOwe4056, Tran, Owen, 2313 Lee Highway Cleveland TN 23213, tran-owen@outlook.com,m, 8464054056, 0
SmithBob3554, Smith, Bobby, 141298 Colden Road, james@yahoo.com,f, 8654843554, 0
